"0","library (ggplot2)"
"0","library(RColorBrewer)"
"0",""
"0","categorical_data <- cleaned_data %>% "
"0","  select(`10 year risk of CHD`, where(is.factor)) %>% "
"0","  mutate (`10 year risk of CHD` = ifelse (`10 year risk of CHD` == 1, ""Да"", ""Нет"")) %>%"
"0","  rename (Gender = Male) %>% "
"0","  mutate (`Gender` = ifelse (`Gender` == 1, ""Male"", ""Female""))"
"0",""
"0",""
"0","ggplot (categorical_data, aes(x = `Gender`, fill =`10 year risk of CHD`)) +"
"0","  geom_bar (na.rm = T) +"
"0","  scale_fill_brewer(palette=""PuRd"")"
"0",""
