"0","statistics <- list("
"0","      `Количество субъектов` = ~length(.x) %>% as.character(),"
"0","      `Количество пропущенных значений` = ~sum(is.na(.x)) %>% as.character(),"
"0","      `Среднее` = ~ifelse(sum(!is.na(.x)) == 0, ""Н/П*"", mean(.x, na.rm = TRUE) %>% round(2) %>% as.character()),"
"0","      `Станд. отклон.` = ~ifelse(sum(!is.na(.x)) < 3, ""Н/П*"", sd(.x, na.rm = TRUE) %>% round(2) %>% as.character()),"
"0","      `мин. - макс.` = ~ifelse(sum(!is.na(.x)) == 0, ""Н/П*"", paste0(min(.x, na.rm = TRUE) %>% round(2), "" - "", max(.x, na.rm = TRUE) %>% round(2))),"
"0","      `Медиана` = ~ifelse(sum(!is.na(.x)) == 0, ""Н/П*"", median(.x, na.rm = TRUE) %>% round(2) %>% as.character()),"
"0","      `Q1 - Q3` = ~ifelse(sum(!is.na(.x)) == 0, ""Н/П*"", paste0(quantile(.x, 0.25, na.rm = TRUE) %>% round(2), "" - "", quantile(.x, 0.75, na.rm = TRUE) %>% round(2))),"
"0","      `Межквартильный размах` = ~ifelse(sum(!is.na(.x)) == 0, ""Н/П*"", IQR(.x, na.rm = TRUE) %>% round(2) %>% as.character())"
"0",")"
"0",""
"0","cleaned_data %>%"
"0","  select('10 year risk of CHD', where(is.numeric)) %>%"
"0","  group_by (`10 year risk of CHD`) %>% "
"0","  summarise(across(where(is.numeric), statistics)) %>%"
"0","  mutate_at (1:ncol(cleaned_data), as.character) %>% "
"0","  pivot_longer(!'10 year risk of CHD') %>% "
"0","  separate(name, into = c('Переменная', 'Статистика'), sep = '_') %>% "
"0","  rename ('Значение' = value) %>% "
"0","  flextable() %>% "
"0","  theme_box() %>% "
"0","  merge_v(c(""10 year risk of CHD"", ""Переменная"")) %>% "
"0","  width(j= ""Статистика"", width=3) %>% "
"0","  align (j = c(""10 year risk of CHD"", ""Переменная""), align = ""center"")"
