"0","shapiro_p <- cleaned_data %>% "
"0","  mutate_at (c('Male', 'Education', 'Current Smoker', 'Blood pressure medication', 'Stroke in history', 'Hypertension in history', 'Diabets in history', '10 year risk of CHD'), as.numeric) %>% "
"0","  summarise(across (where (is.numeric), "
"0","            function (x) shapiro.test(x)$p)) %>% "
"0","  select(where (function(x) sum (x) > 0.05))"
"0",""
"0","ifelse (ncol (shapiro_p) == 0, ""В датасете данные всех переменнных распределены нормально, т.к. отсутствуют переменные, для которых p.value, полученное с помощью теста Шапиро–Уилка, менее 0.05"", ""В данных имеются переменные, распределение которых значимо отличается от нормального"")"
"1","[1]"
"1"," ""В датасете данные всех переменнных распределены нормально, т.к. отсутствуют переменные, для которых p.value, полученное с помощью теста Шапиро–Уилка, менее 0.05"""
"1","
"
