"0","cleaned_data <- framingham_shortened %>% "
"0","  rename (Male = male, Age = age, Education = education, "
"0","        'Current Smoker'= currentSmoker, 'Cigarettes per day' = cigsPerDay,"
"0","        'Blood pressure medication' = BPMeds, 'Stroke in history'= prevalentStroke,"
"0","        'Hypertension in history' = prevalentHyp, 'Diabets in history' = diabetes, "
"0","        'Total cholesterol' = totChol, 'Systolic blood pressure' = sysBP, "
"0","        'Diastolic blood pressure' = diaBP, 'Heart rate' = heartRate,"
"0","        Glucose = glucose, '10 year risk of CHD' = TenYearCHD) %>% "
"0","  mutate_at (c('Male', 'Education', 'Current Smoker', 'Blood pressure medication',"
"0","              'Stroke in history', 'Hypertension in history', 'Diabets in history',"
"0","              '10 year risk of CHD'), as.factor) %>% "
"0","  mutate_at (c('Age','Cigarettes per day', 'Total cholesterol', 'Systolic blood pressure',"
"0","               'Diastolic blood pressure', 'BMI', 'Heart rate', 'Glucose'), as.numeric) %>% "
"0","  arrange (desc (Age))"
