"0","cleaned_data %>%"
"0","  select('10 year risk of CHD', Education) %>%"
"0","  mutate (`Education` = `Education` %>% as.character() %>% replace_na (""Нет данных"") %>% as.factor()) %>% "
"0","  count (`10 year risk of CHD`, Education) %>%"
"0","  group_by (`10 year risk of CHD`) %>%"
"0","  mutate ('Relative quantity' = (n/sum(n)) %>% round (3) %>% `*` (100) %>% str_c (""%"")) %>% "
"0","  rename ('Absolute quantity' = n) %>% "
"0","  flextable() %>% theme_box() %>% "
"0","  merge_v(""10 year risk of CHD"") %>% "
"0","  align (align = ""center"") %>% "
"0","  set_caption (""Numbers of people depending on '10 year risk of CHD' and 'Education'"")"
