"0","options (scipen = 999)"
"0","cleaned_data %>%"
"0","  select('10 year risk of CHD', where(is.numeric)) %>%"
"0","  summarise(across(where(is.numeric), function(x) "
"0","    t.test (x ~ `10 year risk of CHD`)$p.value)) %>% "
"0","  round(3) %>% "
"0","  summarise(across(where(is.numeric), function(x) "
"0","    ifelse (x < 0.001, ""< 0.001"", x))) %>%"
"0","  flextable() %>% theme_box() %>% "
"0","  bold (i = 1, j = c(1,2,3,4,5,6,8), part = ""body"") %>% "
"0","  set_caption (""Results (p values) of comparing numerical variables by t.test"") "
