{"chunk_definitions":[{"row":13,"row_count":1,"visible":true,"expansion_state":0,"options":{"engine":"r","label":"setup","include":false},"document_id":"EBD045E5","chunk_id":"csetup_chunk","chunk_label":"setup"},{"row":20,"row_count":1,"visible":true,"expansion_state":0,"options":{"engine":"r","message":false,"label":"unnamed-chunk-1"},"document_id":"EBD045E5","chunk_id":"c9e2pb5qnu6cg","chunk_label":"unnamed-chunk-1"},{"row":30,"row_count":1,"visible":true,"expansion_state":0,"options":{"engine":"r","eval":true,"label":"unnamed-chunk-2"},"document_id":"EBD045E5","chunk_id":"cysrcfchy2yok","chunk_label":"unnamed-chunk-2"},{"row":43,"row_count":1,"visible":true,"expansion_state":0,"options":{"engine":"r","label":"unnamed-chunk-3"},"document_id":"EBD045E5","chunk_id":"cfnob76a0wumc","chunk_label":"unnamed-chunk-3"},{"row":51,"row_count":1,"visible":true,"expansion_state":0,"options":{"engine":"r","label":"unnamed-chunk-6"},"document_id":"EBD045E5","chunk_id":"c1v8klz7vp3q4","chunk_label":"unnamed-chunk-4"},{"row":74,"row_count":1,"visible":true,"expansion_state":0,"options":{"engine":"r","label":"unnamed-chunk-8"},"document_id":"EBD045E5","chunk_id":"cn5brzeidc7uz","chunk_label":"unnamed-chunk-5"},{"row":88,"row_count":1,"visible":true,"expansion_state":0,"options":{"engine":"r","label":"unnamed-chunk-10"},"document_id":"EBD045E5","chunk_id":"c37bicw2so4zp","chunk_label":"unnamed-chunk-6"},{"row":96,"row_count":1,"visible":true,"expansion_state":0,"options":{"engine":"r","label":"unnamed-chunk-11"},"document_id":"EBD045E5","chunk_id":"c8kif4y4y9e0g","chunk_label":"unnamed-chunk-7"},{"row":104,"row_count":1,"visible":true,"expansion_state":0,"options":{"engine":"r","label":"unnamed-chunk-12"},"document_id":"EBD045E5","chunk_id":"chfqba1a3r3di","chunk_label":"unnamed-chunk-8"},{"row":114,"row_count":1,"visible":true,"expansion_state":0,"options":{"engine":"r","label":"unnamed-chunk-13"},"document_id":"EBD045E5","chunk_id":"couq6bvh3huca","chunk_label":"unnamed-chunk-9"},{"row":124,"row_count":1,"visible":true,"expansion_state":0,"options":{"engine":"r","label":"unnamed-chunk-14"},"document_id":"EBD045E5","chunk_id":"c4q7veecp0kot","chunk_label":"unnamed-chunk-10"},{"row":132,"row_count":1,"visible":true,"expansion_state":0,"options":{"engine":"r","label":"unnamed-chunk-15"},"document_id":"EBD045E5","chunk_id":"czhfk8fpa09zq","chunk_label":"unnamed-chunk-11"},{"row":165,"row_count":1,"visible":true,"expansion_state":0,"options":{"engine":"r","error":false,"label":"unnamed-chunk-17"},"document_id":"EBD045E5","chunk_id":"ch2b66vnkwyds","chunk_label":"unnamed-chunk-12"},{"row":184,"row_count":1,"visible":true,"expansion_state":0,"options":{"engine":"r","label":"unnamed-chunk-18"},"document_id":"EBD045E5","chunk_id":"cf2bmsvfylqjr","chunk_label":"unnamed-chunk-13"},{"row":200,"row_count":1,"visible":true,"expansion_state":0,"options":{"engine":"r","label":"unnamed-chunk-19"},"document_id":"EBD045E5","chunk_id":"cif7maw2tca7p","chunk_label":"unnamed-chunk-14"},{"row":215,"row_count":1,"visible":true,"expansion_state":0,"options":{"engine":"r","label":"unnamed-chunk-20"},"document_id":"EBD045E5","chunk_id":"czex38axzicut","chunk_label":"unnamed-chunk-15"},{"row":244,"row_count":1,"visible":true,"expansion_state":0,"options":{"engine":"r","label":"unnamed-chunk-21"},"document_id":"EBD045E5","chunk_id":"cnfijqxnt17na","chunk_label":"unnamed-chunk-16"},{"row":255,"row_count":1,"visible":true,"expansion_state":0,"options":{"engine":"r","label":"unnamed-chunk-22"},"document_id":"EBD045E5","chunk_id":"cq8khzah89oqi","chunk_label":"unnamed-chunk-17"},{"row":264,"row_count":1,"visible":true,"expansion_state":0,"options":{"engine":"r","label":"unnamed-chunk-23"},"document_id":"EBD045E5","chunk_id":"cio8qfaskrdu2","chunk_label":"unnamed-chunk-18"},{"row":286,"row_count":1,"visible":true,"expansion_state":0,"options":{"engine":"r","label":"unnamed-chunk-24"},"document_id":"EBD045E5","chunk_id":"cg06psmsbejdy","chunk_label":"unnamed-chunk-19"},{"row":304,"row_count":1,"visible":true,"expansion_state":0,"options":{"engine":"r","label":"unnamed-chunk-25"},"document_id":"EBD045E5","chunk_id":"c9jjsud1tgc45","chunk_label":"unnamed-chunk-20"},{"row":314,"row_count":1,"visible":true,"expansion_state":0,"options":{"engine":"r","label":"unnamed-chunk-26"},"document_id":"EBD045E5","chunk_id":"coyi3p1w7cmkw","chunk_label":"unnamed-chunk-21"},{"row":351,"row_count":1,"visible":true,"expansion_state":0,"options":{"engine":"r","label":"unnamed-chunk-27"},"document_id":"EBD045E5","chunk_id":"c3qba5myefkdi","chunk_label":"unnamed-chunk-22"},{"row":368,"row_count":1,"visible":true,"expansion_state":0,"options":{"engine":"r","label":"unnamed-chunk-28"},"document_id":"EBD045E5","chunk_id":"cba6cq1tne4oh","chunk_label":"unnamed-chunk-23"},{"row":385,"row_count":1,"visible":true,"expansion_state":0,"options":{"engine":"r","label":"unnamed-chunk-29"},"document_id":"EBD045E5","chunk_id":"c9zwqlsrt8e2r","chunk_label":"unnamed-chunk-24"},{"row":395,"row_count":1,"visible":true,"expansion_state":0,"options":{"engine":"r","label":"unnamed-chunk-30"},"document_id":"EBD045E5","chunk_id":"ci2expx6e1bxj","chunk_label":"unnamed-chunk-25"},{"row":405,"row_count":1,"visible":true,"expansion_state":0,"options":{"engine":"r","label":"unnamed-chunk-31"},"document_id":"EBD045E5","chunk_id":"cvepg9bz44ixl","chunk_label":"unnamed-chunk-26"}],"doc_write_time":1699533353,"working_dir":null,"default_chunk_options":{"echo":true},"chunk_rendered_width":700}