"1"," "
"1"," Age         "
"1"," Cigarettes per day"
"1"," Total cholesterol"
"1"," Systolic blood pressure"
"1","
x"
"1"," numeric,4177"
"1"," numeric,4177      "
"1"," numeric,4177     "
"1"," numeric,4177           "
"1","
y"
"1"," numeric,4177"
"1"," numeric,4177      "
"1"," numeric,4177     "
"1"," numeric,4177           "
"1","
"
"1"," "
"1"," Diastolic blood pressure"
"1"," BMI         "
"1"," Heart rate  "
"1"," Glucose     "
"1","
x"
"1"," numeric,4177            "
"1"," numeric,4177"
"1"," numeric,4177"
"1"," numeric,4177"
"1","
y"
"1"," numeric,4177            "
"1"," numeric,4177"
"1"," numeric,4177"
"1"," numeric,4177"
"1","
"
