"0","framingham_more_than_20_cols <- framingham %>% "
"0","  select (where (function(x) sum (is.na(x))/ nrow(framingham) * 100 > 20))"
"0","  ifelse (ncol (framingham_more_than_20_cols) > 0, "
"0","          framingham_more_than_20_cols, "
"0","          ""Переменных с долей пропущенных значений более 20% не выявлено"")"
"1","[1]"
"1"," ""Переменных с долей пропущенных значений более 20% не выявлено"""
"1","
"
